iter	Accuracy	Logloss
0	0.8793541225	0.5318717686
1	0.9217329655	0.4258711386
2	0.9339118678	0.3450478925
3	0.9408779142	0.2861695463
4	0.9486161337	0.2449557099
5	0.9549666399	0.2137386808
6	0.9630511008	0.189773539
7	0.9659172098	0.172141259
8	0.9694565659	0.1534461776
9	0.9738532816	0.135149157
10	0.9773706541	0.1234344073
11	0.9785083043	0.1166473671
12	0.982014685	0.1046089529
13	0.9833034723	0.09943306024
14	0.9839300043	0.09317526468
15	0.9870626642	0.08713841519
16	0.9889037889	0.07877510903
17	0.9901183816	0.07273205996
18	0.9906349957	0.06954864507
19	0.9911048946	0.06566977299
20	0.9918248568	0.06111081354
21	0.9924651285	0.0575029764
22	0.993069677	0.05430999122
23	0.9933884388	0.05091362313
24	0.9937236884	0.04800832052
25	0.9942293107	0.04528062017
26	0.9945041054	0.04257851782
27	0.9949575167	0.04020526633
28	0.9950372072	0.03847326754
29	0.9952625389	0.03674811237
30	0.9954301637	0.03525451866
31	0.9958588434	0.03310093009
32	0.9959687613	0.03214036281
33	0.9964194247	0.02978327184
34	0.9965238467	0.02903973318
35	0.9967079592	0.02790768034
36	0.9969277949	0.02636089609
37	0.997133891	0.02501346423
38	0.9974334172	0.0232355923
39	0.9976092859	0.02202671923
40	0.9976669928	0.02130129595
41	0.9977824065	0.02057183453
42	0.9978785847	0.01934308319
43	0.9979362916	0.01885446434
44	0.9979912505	0.01829869506
45	0.9981478835	0.01729101944
46	0.9981836068	0.01696180274
47	0.9982055904	0.01665082687
48	0.9982303219	0.01614945708
49	0.9982880288	0.01536655958
50	0.9982825329	0.01502883187
51	0.9982770371	0.01479219898
52	0.9983265001	0.0143871338
53	0.998436418	0.01375033417
54	0.9984776372	0.01343010945
55	0.9984776372	0.01317439206
56	0.998538092	0.01268792983
57	0.9985710674	0.01243675751
58	0.9986590017	0.01195946058
59	0.9986837333	0.01177726124
60	0.998746936	0.01125108718
61	0.998746936	0.01113539966
62	0.9987689196	0.01082205894
63	0.9988568539	0.01031215758
64	0.9988431142	0.01021106228
65	0.9988788375	0.009992400179
66	0.9989008211	0.009713669843
67	0.9988898293	0.009589905663
68	0.9989750157	0.009097606312
69	0.9990217308	0.008974963272
70	0.999060202	0.008536573109
71	0.9990849336	0.008351350148
72	0.9990986733	0.008269501274
73	0.999115161	0.008157381828
74	0.999112413	0.008033055501
75	0.9991371446	0.007876592826
76	0.9991316487	0.007822577009
77	0.9991975994	0.007464585211
78	0.9992113391	0.007217872312
79	0.9992333227	0.007079567862
80	0.9992443145	0.006942971667
81	0.9992662981	0.006792546802
82	0.9992800378	0.006758901516
83	0.9992855337	0.006666347957
84	0.9993075173	0.006550744899
85	0.9993075173	0.006467597248
86	0.9993487365	0.006087523417
87	0.9993569803	0.006050905877
88	0.9993679721	0.005980908804
89	0.999373468	0.005852677901
90	0.9993789639	0.005751700413
91	0.9993817119	0.005672979396
92	0.9993817119	0.005623593155
93	0.9993927037	0.005542360104
94	0.9994119393	0.005352785593
95	0.999428427	0.005298925607
96	0.9994586544	0.005125177398
97	0.9994723941	0.00504343594
98	0.9994751421	0.005021077029
99	0.99947789	0.0049567849
100	0.9994861339	0.004912765339
101	0.9994916298	0.004679131436
102	0.9994971256	0.004627237492
103	0.9995273531	0.004535826905
104	0.9995520846	0.004381852557
105	0.9995630764	0.004345048329
106	0.9995740682	0.004277926519
107	0.999582312	0.004229438274
108	0.9996015476	0.004158217593
109	0.9996180353	0.00401750625
110	0.9996262792	0.0039764262
111	0.999637271	0.003863620377
112	0.9996427669	0.00375187892
113	0.9996620025	0.003700960189
114	0.9996565066	0.003610022388
115	0.9996620025	0.003569962424
116	0.9996647504	0.00352193808
117	0.9996784902	0.003442456114
118	0.9996949779	0.003388369939
119	0.9996977258	0.003361685864
120	0.9997032217	0.003348564099
121	0.9997224573	0.003226606157
122	0.9997224573	0.003202431908
123	0.9997224573	0.00308174675
124	0.9997252053	0.003015875904
125	0.9997252053	0.003015861146
126	0.9997361971	0.00296738956
127	0.9997361971	0.002967377945
128	0.9997361971	0.002967356662
129	0.999738945	0.00295550558
130	0.999738945	0.002926164483
131	0.999741693	0.002901404051
132	0.9997499368	0.00289249491
133	0.9997526847	0.002864266163
134	0.9997526847	0.002852568336
135	0.9997526847	0.002852558296
136	0.9997581806	0.002844265606
137	0.9997581806	0.002844265606
138	0.9997581806	0.002844242449
139	0.9997581806	0.00284422099
140	0.9997581806	0.002844178192
141	0.9997581806	0.002844168921
142	0.9997581806	0.00284414762
143	0.9997581806	0.002844113714
144	0.9997581806	0.002844096346
145	0.9997581806	0.002844080927
146	0.9997581806	0.002844059684
147	0.9997581806	0.002844048126
148	0.9997581806	0.002844026935
149	0.9997581806	0.002844007498
150	0.9997581806	0.002843973648
151	0.9997581806	0.002843968369
152	0.9997581806	0.002843963092
153	0.9997581806	0.002843957818
154	0.9997581806	0.002843937285
155	0.9997581806	0.002843932018
156	0.9997581806	0.002843926755
157	0.9997581806	0.002843916384
158	0.9997581806	0.002843911023
159	0.9997581806	0.002843869037
160	0.9997581806	0.002843869037
161	0.9997581806	0.002820742475
162	0.9997581806	0.002820740739
163	0.9997581806	0.002820740739
164	0.9997636765	0.002802739509
165	0.999791156	0.002729116997
166	0.999791156	0.002729110019
167	0.9997884081	0.0027107107
168	0.9997884081	0.0027107107
169	0.999793904	0.002680030017
170	0.999793904	0.002680025755
171	0.999793904	0.002679997486
172	0.999793904	0.002679975645
173	0.999793904	0.002679975645
174	0.999793904	0.002679975645
175	0.999793904	0.002679975645
176	0.999793904	0.002666387474
177	0.9998076437	0.002589315606
178	0.9998048957	0.002565867176
179	0.9998048957	0.002536506829
180	0.9998048957	0.002501421738
181	0.9998131396	0.002485057954
182	0.9998241314	0.002448347937
183	0.9998241314	0.002429589404
184	0.9998186355	0.00239207186
185	0.9998268793	0.002285581591
186	0.9998296273	0.002267953126
187	0.9998323752	0.002212126117
188	0.999843367	0.00217952853
189	0.9998488629	0.002103340723
190	0.9998543588	0.002071183274
191	0.9998543588	0.002071172776
192	0.9998543588	0.002071172776
193	0.9998543588	0.002071165944
194	0.9998543588	0.002071152163
195	0.9998543588	0.002071141485
196	0.9998543588	0.002071134479
197	0.9998543588	0.002071134479
198	0.9998543588	0.002071116418
199	0.9998571067	0.00204071872
200	0.9998571067	0.002040711763
201	0.9998571067	0.002040704809
202	0.9998571067	0.002040690515
203	0.9998571067	0.002040683569
204	0.9998571067	0.002040676625
205	0.9998571067	0.002040676625
206	0.9998571067	0.002040676625
207	0.9998571067	0.002036484004
208	0.9998571067	0.002036474825
209	0.9998571067	0.002036472187
210	0.9998571067	0.002036463426
211	0.9998571067	0.002036457018
212	0.9998571067	0.002036454387
213	0.9998571067	0.002036447988
214	0.9998571067	0.002036432326
215	0.9998571067	0.002036426426
216	0.9998571067	0.002036423847
217	0.9998571067	0.002036423847
218	0.9998571067	0.002036421274
219	0.9998571067	0.002036414897
220	0.9998571067	0.002036412279
221	0.9998543588	0.002008957097
222	0.9998543588	0.002008954443
223	0.9998543588	0.002008951833
224	0.9998543588	0.002008945539
225	0.9998543588	0.002008942651
226	0.9998543588	0.002008940004
227	0.9998543588	0.002008940004
228	0.9998543588	0.002008900063
229	0.9998543588	0.002008898109
230	0.9998543588	0.002008880201
231	0.9998543588	0.002008877966
232	0.9998543588	0.002008874384
233	0.9998543588	0.002008870803
234	0.9998543588	0.002008869239
235	0.9998543588	0.002008867676
236	0.9998543588	0.00200886502
237	0.9998543588	0.00200886502
238	0.9998571067	0.001963568585
239	0.9998571067	0.001963565279
240	0.9998571067	0.001963552947
241	0.9998571067	0.001963549869
242	0.9998571067	0.001963538105
243	0.9998571067	0.001963526076
244	0.9998571067	0.001963523008
245	0.9998571067	0.001963519941
246	0.9998571067	0.001963518035
247	0.9998571067	0.00196351613
248	0.9998571067	0.001963514225
249	0.9998571067	0.001963512321
250	0.9998571067	0.001963510417
251	0.9998571067	0.001963479997
252	0.9998571067	0.001963470926
253	0.9998571067	0.001963470926
254	0.9998571067	0.001963455684
255	0.9998571067	0.001963455684
256	0.9998571067	0.001963449877
257	0.9998571067	0.001963442663
258	0.9998571067	0.001963442663
259	0.9998571067	0.001963442663
260	0.9998571067	0.001963442663
261	0.9998571067	0.001951155731
262	0.9998571067	0.001951153954
263	0.9998571067	0.001951152729
264	0.9998571067	0.001951150939
265	0.9998571067	0.001951149087
266	0.9998571067	0.001951147298
267	0.9998571067	0.00195114551
268	0.9998571067	0.00195113708
269	0.9998571067	0.001951131488
270	0.9998571067	0.001951125903
271	0.9998571067	0.001951124118
272	0.9998571067	0.00195111854
273	0.9998571067	0.001951116756
274	0.9998571067	0.001951111186
275	0.9998571067	0.001951109404
276	0.9998571067	0.001951087173
277	0.9998571067	0.001951084707
278	0.9998571067	0.001951081027
279	0.9998571067	0.001951079582
280	0.9998571067	0.001951061331
281	0.9998571067	0.001951061331
282	0.9998653506	0.001913466564
283	0.9998653506	0.001913466564
284	0.9998653506	0.001913464039
285	0.9998653506	0.001913454699
286	0.9998626026	0.001902128694
287	0.9998626026	0.001902125298
288	0.9998626026	0.001902117248
289	0.9998626026	0.001902093581
290	0.9998626026	0.001902091451
291	0.9998626026	0.001902089366
292	0.9998626026	0.001902083935
293	0.9998626026	0.001902082518
294	0.9998626026	0.001902081102
295	0.9998626026	0.001902064101
296	0.9998626026	0.001902060619
297	0.9998626026	0.001902055201
298	0.9998626026	0.001902049324
299	0.9998626026	0.001902049324
300	0.9998626026	0.001902042774
301	0.9998626026	0.001902042774
302	0.9998680985	0.001873952938
303	0.9998680985	0.001873952938
304	0.9998680985	0.00187393105
305	0.9998680985	0.00187393105
306	0.9998680985	0.001873919438
307	0.9998680985	0.001873919438
308	0.9998680985	0.001873919438
309	0.9998680985	0.001873886178
310	0.9998680985	0.001873875679
311	0.9998680985	0.001873865364
312	0.9998680985	0.001873865364
313	0.9998680985	0.001873865364
314	0.9998680985	0.001859660249
315	0.9998680985	0.001859660249
316	0.9998680985	0.001859653227
317	0.9998680985	0.001859642876
318	0.9998680985	0.001859633909
319	0.9998680985	0.001859626896
320	0.9998680985	0.001859617938
321	0.9998680985	0.001859598842
322	0.9998680985	0.001859579775
323	0.9998680985	0.001859560737
324	0.9998680985	0.001859541728
325	0.9998680985	0.001859541728
326	0.9998680985	0.001859520694
327	0.9998680985	0.001859520694
328	0.9998680985	0.001859502937
329	0.9998680985	0.001859502937
330	0.9998680985	0.001859502937
331	0.9998680985	0.001859502937
332	0.9998680985	0.001859484708
333	0.9998680985	0.001859475258
334	0.9998680985	0.001859465814
335	0.9998680985	0.001859456378
336	0.9998680985	0.001859438719
337	0.9998680985	0.001859429303
338	0.9998680985	0.001859419895
339	0.9998680985	0.001859410494
340	0.9998680985	0.0018594011
341	0.9998680985	0.001859391713
342	0.9998680985	0.001859382333
343	0.9998680985	0.001859377646
344	0.9998680985	0.001859372961
345	0.9998680985	0.001859368278
346	0.9998680985	0.00185935169
347	0.9998680985	0.00185934731
348	0.9998680985	0.001859342243
349	0.9998680985	0.001859337866
350	0.9998680985	0.001859333193
351	0.9998680985	0.00185932882
352	0.9998680985	0.00185932376
353	0.9998680985	0.001859319092
354	0.9998680985	0.001859314724
355	0.9998680985	0.001859309669
356	0.9998680985	0.001859305305
357	0.9998680985	0.001859300942
358	0.9998680985	0.00185928231
359	0.9998680985	0.001859277955
360	0.9998680985	0.001859259358
361	0.9998680985	0.001859254715
362	0.9998680985	0.001859250073
363	0.9998680985	0.001859250073
364	0.9998680985	0.001859241228
365	0.9998680985	0.001859236589
366	0.9998680985	0.001859236589
367	0.9998680985	0.001859226892
368	0.9998680985	0.001859226892
369	0.9998680985	0.001859206287
370	0.9998680985	0.001859201657
371	0.9998680985	0.001859197028
372	0.9998680985	0.001859176961
373	0.9998680985	0.001859176961
374	0.9998680985	0.001859168068
375	0.9998680985	0.001859148043
376	0.9998680985	0.0018591308
377	0.9998680985	0.001859126196
378	0.9998680985	0.001859126196
379	0.9998680985	0.001859126196
380	0.9998680985	0.001859111651
381	0.9998680985	0.001859107353
382	0.9998680985	0.001848763468
383	0.9998763424	0.00183164282
384	0.9998763424	0.00183164282
385	0.9998763424	0.00183164282
386	0.9998763424	0.001831596249
387	0.9998763424	0.001831593291
388	0.9998763424	0.001831593291
389	0.9998763424	0.001831588656
390	0.9998763424	0.001831570252
391	0.9998763424	0.001831568638
392	0.9998763424	0.001831563698
393	0.9998763424	0.001831562148
394	0.9998763424	0.001831559354
395	0.9998763424	0.001831559354
396	0.9998845862	0.001821622005
397	0.9998873342	0.001788952214
398	0.9998873342	0.001788929222
399	0.9998900821	0.001783022077
400	0.9998818383	0.001753024579
401	0.9998818383	0.001744855849
402	0.9998818383	0.00174484959
403	0.9998818383	0.001744848027
404	0.9998818383	0.001744846295
405	0.9998818383	0.001744835008
406	0.9998818383	0.001744828769
407	0.9998818383	0.001744822536
408	0.9998818383	0.001744820979
409	0.9998818383	0.001744809735
410	0.9998818383	0.001744808181
411	0.9998818383	0.001744796962
412	0.9998818383	0.001744785766
413	0.9998818383	0.001744784216
414	0.9998818383	0.001744773045
415	0.9998818383	0.001744761896
416	0.9998818383	0.001744749547
417	0.9998818383	0.001744742677
418	0.9998818383	0.001744730365
419	0.9998818383	0.001744728828
420	0.9998818383	0.001744728828
421	0.9998818383	0.001744724191
422	0.9998818383	0.001744722656
423	0.9998818383	0.001744722656
424	0.9998818383	0.001744722656
425	0.9998818383	0.001744722656
426	0.9998818383	0.001744722656
427	0.9998818383	0.001744722656
428	0.999895578	0.00169279411
429	0.999895578	0.001692780423
430	0.999895578	0.001692769822
431	0.999895578	0.001692737427
432	0.999895578	0.001692726846
433	0.999895578	0.001692726846
434	0.999895578	0.001692694503
435	0.999895578	0.001692694503
436	0.999895578	0.001692687452
437	0.999895578	0.00168728712
438	0.999895578	0.00168728712
439	0.999895578	0.00168728712
440	0.999895578	0.001624260915
441	0.999895578	0.001624260915
442	0.999895578	0.001624260915
443	0.999895578	0.001624260915
444	0.999895578	0.001624260915
445	0.999895578	0.001624260915
446	0.999895578	0.001624260915
447	0.999895578	0.001624260915
448	0.999895578	0.001624260915
449	0.999895578	0.001624260915
450	0.999895578	0.001624260915
451	0.999895578	0.001624260915
452	0.999895578	0.001624260915
453	0.999895578	0.001624260915
454	0.999895578	0.001624260915
455	0.999895578	0.001624260915
456	0.999895578	0.001624260915
457	0.999895578	0.001624260915
458	0.999895578	0.001624260915
459	0.999895578	0.001624260915
460	0.999895578	0.001624260915
461	0.999895578	0.00162424522
462	0.999895578	0.00162424522
463	0.999895578	0.00162424522
464	0.999895578	0.00162424522
465	0.999895578	0.00162424522
466	0.999895578	0.00162424522
467	0.999895578	0.00162424522
468	0.999895578	0.00162424522
469	0.999895578	0.00162424522
470	0.999895578	0.00162424522
471	0.999895578	0.00162424522
472	0.999895578	0.00162424522
473	0.999895578	0.00162424522
474	0.999895578	0.00162424522
475	0.999895578	0.00162424522
476	0.999895578	0.00162424522
477	0.999895578	0.00162424522
478	0.999895578	0.00162424522
479	0.999895578	0.00162424522
480	0.999895578	0.00162424522
481	0.999895578	0.00162424522
482	0.999895578	0.00162424522
483	0.999895578	0.00162424522
484	0.999895578	0.00162424522
485	0.999895578	0.00162424522
486	0.999895578	0.00162424522
487	0.999895578	0.00162424522
488	0.999895578	0.00162424522
489	0.999895578	0.00162424522
490	0.999895578	0.00162424522
491	0.999895578	0.00162424522
492	0.999895578	0.00162424522
493	0.999895578	0.00162424522
494	0.999895578	0.00162424522
495	0.999895578	0.00162424522
496	0.999895578	0.00162424522
497	0.999895578	0.00162424522
498	0.999895578	0.00162424522
499	0.999895578	0.00162424522
500	0.999895578	0.00162424522
501	0.999895578	0.00162424522
502	0.999895578	0.00162424522
503	0.999895578	0.00162424522
504	0.999895578	0.00162424522
505	0.999895578	0.00162424522
506	0.999895578	0.00162424522
507	0.999895578	0.00162424522
508	0.999895578	0.00162424522
509	0.999895578	0.00162424522
510	0.999895578	0.00162424522
511	0.999895578	0.00162424522
512	0.999895578	0.00162424522
513	0.999895578	0.00162424522
514	0.999895578	0.00162424522
515	0.999895578	0.00162424522
516	0.999895578	0.00162424522
517	0.999895578	0.00162424522
518	0.999895578	0.00162424522
519	0.999895578	0.00162424522
520	0.999895578	0.00162424522
521	0.999895578	0.00162424522
522	0.999895578	0.00162424522
523	0.999895578	0.00162424522
524	0.999895578	0.00162424522
525	0.999895578	0.001606843155
526	0.999895578	0.001606843155
527	0.9999010739	0.001594054754
528	0.9999065698	0.001554106914
529	0.9999065698	0.001554106914
530	0.9999065698	0.001554079229
531	0.9999065698	0.001554079229
532	0.9999065698	0.001554079229
533	0.9999065698	0.001554079229
534	0.9999065698	0.001554079229
535	0.9999065698	0.001554079229
536	0.9999065698	0.001554071882
537	0.9999065698	0.001554071882
538	0.9999065698	0.001554071882
539	0.9999065698	0.001541586878
540	0.9999065698	0.001541586878
541	0.9999065698	0.001541586878
542	0.9999065698	0.00154158196
543	0.9999065698	0.001541576827
544	0.9999065698	0.001541571696
545	0.9999065698	0.001541566567
546	0.9999065698	0.001541554521
547	0.9999065698	0.001541549398
548	0.9999065698	0.001541526596
549	0.9999065698	0.001541526596
550	0.9999065698	0.001541526596
551	0.9999065698	0.001541526596
552	0.9999065698	0.001541526596
553	0.9999065698	0.001541515163
554	0.9999093177	0.001520566042
555	0.9999120657	0.001495862166
556	0.9999120657	0.001495830886
557	0.9999120657	0.001495765561
558	0.9999120657	0.001495703291
559	0.9999120657	0.001495670796
560	0.9999120657	0.001495670796
561	0.9999230575	0.001465224542
562	0.9999258054	0.001446899877
563	0.9999258054	0.001446899877
564	0.9999258054	0.001424360486
565	0.9999258054	0.001424360486
566	0.9999258054	0.001424360486
567	0.9999258054	0.001424360486
568	0.9999258054	0.001424360486
569	0.9999258054	0.001424360486
570	0.9999258054	0.001424360486
571	0.9999258054	0.001424360486
572	0.9999230575	0.001420462505
573	0.9999230575	0.001420451522
574	0.9999230575	0.001420439605
575	0.9999230575	0.001420427697
576	0.9999230575	0.001420415817
577	0.9999230575	0.001420403928
578	0.9999230575	0.001420392048
579	0.9999230575	0.001420380177
580	0.9999230575	0.001420372661
581	0.9999230575	0.00142036515
582	0.9999230575	0.00142036515
583	0.9999230575	0.00142036515
584	0.9999230575	0.001420350779
585	0.9999230575	0.001420350779
586	0.9999230575	0.00142033642
587	0.9999230575	0.001420324577
588	0.9999230575	0.001420312744
589	0.9999230575	0.001420312744
590	0.9999230575	0.001420308051
591	0.9999230575	0.001420296206
592	0.9999230575	0.001420284392
593	0.9999230575	0.001420284392
594	0.9999230575	0.00142027346
595	0.9999230575	0.001420261642
596	0.9999230575	0.001420261642
597	0.9999230575	0.001420250727
598	0.9999230575	0.001420250727
599	0.9999230575	0.001420250727
600	0.9999230575	0.001420238927
601	0.9999230575	0.001420238927
602	0.9999230575	0.001420236963
603	0.9999230575	0.001420236963
604	0.9999230575	0.001420236963
605	0.9999230575	0.001420232272
606	0.9999230575	0.001420232272
607	0.9999230575	0.001420221374
608	0.9999230575	0.001420221374
609	0.9999230575	0.001420221374
610	0.9999230575	0.001420209592
611	0.9999230575	0.001420209592
612	0.9999230575	0.001420204932
613	0.9999230575	0.001420204932
614	0.9999230575	0.001420193159
615	0.9999230575	0.001420193159
616	0.9999230575	0.001420193159
617	0.9999230575	0.001420193159
618	0.9999230575	0.001420193159
619	0.9999230575	0.00142018847
620	0.9999230575	0.00142018847
621	0.9999230575	0.00142018847
622	0.9999230575	0.001420183783
623	0.9999230575	0.001420183783
624	0.9999230575	0.00142017202
625	0.9999230575	0.00142017202
626	0.9999230575	0.001420160266
627	0.9999230575	0.001420160266
628	0.9999230575	0.001420148521
629	0.9999230575	0.001420148521
630	0.9999230575	0.001420143836
631	0.9999230575	0.001420143836
632	0.9999230575	0.001420132988
633	0.9999230575	0.001420132988
634	0.9999230575	0.001420128305
635	0.9999230575	0.001420128305
636	0.9999230575	0.001420121135
637	0.9999230575	0.001420121135
638	0.9999230575	0.001420102421
639	0.9999230575	0.001420102421
640	0.9999230575	0.001420096556
641	0.9999230575	0.001420096556
642	0.9999230575	0.001420096556
643	0.9999230575	0.001420096556
644	0.9999230575	0.001420090695
645	0.9999230575	0.001420090695
646	0.9999230575	0.001420085278
647	0.9999230575	0.001420085278
648	0.9999230575	0.001420066593
649	0.9999230575	0.001420066593
650	0.9999230575	0.001420047938
651	0.9999230575	0.001420047938
652	0.9999230575	0.001420047938
653	0.9999230575	0.001420037146
654	0.9999230575	0.001420033419
655	0.9999230575	0.001420029694
656	0.9999230575	0.001420025971
657	0.9999230575	0.001420022249
658	0.9999230575	0.001420018528
659	0.9999230575	0.001420014809
660	0.9999230575	0.001420008955
661	0.9999230575	0.001420008955
662	0.9999230575	0.001420003103
663	0.9999230575	0.001419997253
664	0.9999230575	0.001419993535
665	0.9999230575	0.001419989819
666	0.9999230575	0.001419986104
667	0.9999230575	0.001419986104
668	0.9999230575	0.001419980699
669	0.9999230575	0.001419976986
670	0.9999230575	0.001419973273
671	0.9999230575	0.001419973273
672	0.9999230575	0.001419968631
673	0.9999230575	0.001419962785
674	0.9999230575	0.001419962785
675	0.9999230575	0.001419958145
676	0.9999230575	0.001419952301
677	0.9999230575	0.001419952301
678	0.9999230575	0.001419952301
679	0.9999230575	0.001419943968
680	0.9999230575	0.001419943968
681	0.9999230575	0.00141993857
682	0.9999230575	0.00141993857
683	0.9999230575	0.00141993857
684	0.9999230575	0.00141993857
685	0.9999230575	0.001419933931
686	0.9999230575	0.001419933931
687	0.9999230575	0.001419928535
688	0.9999230575	0.001419922698
689	0.9999230575	0.001419916864
690	0.9999230575	0.00141990945
691	0.9999230575	0.001419902042
692	0.9999230575	0.001419890388
693	0.9999230575	0.001419890388
694	0.9999230575	0.001419890388
695	0.9999230575	0.001419890388
696	0.9999230575	0.00141988456
697	0.9999230575	0.00141988456
698	0.9999230575	0.001419879929
699	0.9999230575	0.001419879929
700	0.9999230575	0.001419879929
701	0.9999230575	0.001419879929
702	0.9999230575	0.001419874103
703	0.9999230575	0.001419874103
704	0.9999230575	0.001419869119
705	0.9999230575	0.001419869119
706	0.9999230575	0.001419858355
707	0.9999230575	0.001419850955
708	0.9999230575	0.001419839327
709	0.9999230575	0.001419831932
710	0.9999230575	0.001419824543
711	0.9999230575	0.001419824543
712	0.9999230575	0.001419824543
713	0.9999230575	0.001419824543
714	0.9999230575	0.001419812913
715	0.9999230575	0.00141980553
716	0.9999230575	0.001419798152
717	0.9999230575	0.001419794466
718	0.9999230575	0.001419794466
719	0.9999230575	0.001419782844
720	0.9999230575	0.00141977124
721	0.9999230575	0.001419759635
722	0.9999230575	0.001419752265
723	0.9999230575	0.001419744901
724	0.9999230575	0.001419733314
725	0.9999230575	0.001419721737
726	0.9999230575	0.001419718057
727	0.9999230575	0.001419714379
728	0.9999230575	0.001419707025
729	0.9999230575	0.001419699678
730	0.9999230575	0.001419688109
731	0.9999230575	0.001419680767
732	0.9999230575	0.001419669207
733	0.9999230575	0.001419657643
734	0.9999230575	0.001419653974
735	0.9999230575	0.001419642419
736	0.9999230575	0.001419642419
737	0.9999230575	0.00141963178
738	0.9999230575	0.001419617112
739	0.9999230575	0.001419605587
740	0.9999230575	0.001419590942
741	0.9999230575	0.001419585175
742	0.9999230575	0.001419581519
743	0.9999230575	0.001419577863
744	0.9999230575	0.001419566336
745	0.9999230575	0.001419562682
746	0.9999230575	0.001419556922
747	0.9999230575	0.001419551164
748	0.9999230575	0.001419547512
749	0.9999230575	0.001419547512
750	0.9999230575	0.001419541756
751	0.9999230575	0.001419541756
752	0.9999230575	0.001419532599
753	0.9999230575	0.001419532599
754	0.9999230575	0.001419523448
755	0.9999230575	0.001419523448
756	0.9999230575	0.001419523448
757	0.9999230575	0.001419517695
758	0.9999230575	0.001419511944
759	0.9999230575	0.001419511944
760	0.9999230575	0.001419502801
761	0.9999230575	0.001419497053
762	0.9999230575	0.001419491307
763	0.9999230575	0.001419487663
764	0.9999230575	0.001419487663
765	0.9999230575	0.001419478529
766	0.9999230575	0.00141947489
767	0.9999230575	0.001419463403
768	0.9999230575	0.001419457663
769	0.9999230575	0.001419451926
770	0.9999230575	0.001419451926
771	0.9999230575	0.001419443599
772	0.9999230575	0.001419439961
773	0.9999230575	0.001419439961
774	0.9999230575	0.001419437557
775	0.9999230575	0.001419431822
776	0.9999230575	0.00141942609
777	0.9999230575	0.00141942609
778	0.9999230575	0.001419420359
779	0.9999230575	0.001419420359
780	0.9999230575	0.001419411239
781	0.9999230575	0.001419405511
782	0.9999230575	0.001419399785
783	0.9999230575	0.001419394061
784	0.9999230575	0.00141938834
785	0.9999230575	0.001419382622
786	0.9999230575	0.001419375351
787	0.9999230575	0.001419375351
788	0.9999230575	0.001419375351
789	0.9999230575	0.001419369634
790	0.9999230575	0.001419362369
791	0.9999230575	0.001419356654
792	0.9999230575	0.001419350942
793	0.9999230575	0.001419343682
794	0.9999230575	0.001419337971
795	0.9999230575	0.001419332263
796	0.9999230575	0.001419325009
797	0.9999230575	0.001419319303
798	0.9999230575	0.001419313599
799	0.9999230575	0.001419306349
800	0.9999230575	0.001419306349
801	0.9999230575	0.001419306349
802	0.9999230575	0.001419301076
803	0.9999230575	0.001419301076
804	0.9999230575	0.001419301076
805	0.9999230575	0.001419301076
806	0.9999230575	0.001419295804
807	0.9999230575	0.001419290106
808	0.9999230575	0.001419290106
809	0.9999230575	0.001419290106
810	0.9999230575	0.001419284411
811	0.9999230575	0.001419284411
812	0.9999230575	0.001419278023
813	0.9999230575	0.001419278023
814	0.9999230575	0.001419278023
815	0.9999230575	0.001419276065
816	0.9999230575	0.001419276065
817	0.9999230575	0.001419276065
818	0.9999230575	0.001419276065
819	0.9999230575	0.001419270372
820	0.9999230575	0.001419270372
821	0.9999230575	0.001419265108
822	0.9999230575	0.001419265108
823	0.9999230575	0.001419254908
824	0.9999230575	0.001419254908
825	0.9999230575	0.001419233081
826	0.9999230575	0.001419229459
827	0.9999230575	0.001419223769
828	0.9999230575	0.001419223769
829	0.9999230575	0.001419223769
830	0.9999230575	0.001419223769
831	0.9999230575	0.001419223769
832	0.9999230575	0.001419218081
833	0.9999230575	0.001419218081
834	0.9999230575	0.001419212823
835	0.9999230575	0.001419212823
836	0.9999285534	0.001401305854
837	0.9999285534	0.001390066519
838	0.9999285534	0.001390066519
839	0.9999285534	0.001390066519
840	0.9999285534	0.001390066519
841	0.9999285534	0.001390066519
842	0.9999285534	0.001390066519
843	0.9999285534	0.001390047728
844	0.9999285534	0.001390043989
845	0.9999285534	0.001390040251
846	0.9999285534	0.001390036515
847	0.9999285534	0.00139003278
848	0.9999285534	0.001390029047
849	0.9999285534	0.001390025315
850	0.9999285534	0.001390021585
851	0.9999285534	0.001390017856
852	0.9999285534	0.001390002952
853	0.9999285534	0.001389988072
854	0.9999285534	0.001389984357
855	0.9999285534	0.001389980643
856	0.9999285534	0.001389976931
857	0.9999285534	0.001389973221
858	0.9999285534	0.001389969511
859	0.9999285534	0.001389965804
860	0.9999285534	0.001389962098
861	0.9999285534	0.001389958393
862	0.9999285534	0.00138995469
863	0.9999285534	0.001389950989
864	0.9999285534	0.001389947289
865	0.9999285534	0.00138994359
866	0.9999285534	0.001389939893
867	0.9999285534	0.001389936197
868	0.9999285534	0.001389932503
869	0.9999285534	0.001389928811
870	0.9999285534	0.001389928811
871	0.9999285534	0.001389928811
872	0.9999285534	0.001389928811
873	0.9999285534	0.00138992366
874	0.9999285534	0.00138992366
875	0.9999285534	0.001389918511
876	0.9999285534	0.001389918511
877	0.9999285534	0.001389918511
878	0.9999285534	0.001389913364
879	0.9999285534	0.001389913364
880	0.9999285534	0.001389913364
881	0.9999285534	0.001389913364
882	0.9999285534	0.001389908219
883	0.9999285534	0.001389908219
884	0.9999285534	0.001389903076
885	0.9999285534	0.001389903076
886	0.9999285534	0.001389903076
887	0.9999285534	0.001389882518
888	0.9999285534	0.001389882518
889	0.9999285534	0.001389877385
890	0.9999285534	0.001389877385
891	0.9999285534	0.001389872254
892	0.9999285534	0.001389872254
893	0.9999285534	0.001389867125
894	0.9999285534	0.001389867125
895	0.9999285534	0.001389867125
896	0.9999285534	0.001389867125
897	0.9999285534	0.001389867125
898	0.9999285534	0.001389867125
899	0.9999285534	0.001389867125
900	0.9999285534	0.001389867125
901	0.9999285534	0.001389867125
902	0.9999285534	0.001389867125
903	0.9999285534	0.001389867125
904	0.9999285534	0.001389867125
905	0.9999285534	0.001389867125
906	0.9999285534	0.001389867125
907	0.9999285534	0.001389867125
908	0.9999285534	0.001389867125
909	0.9999285534	0.001389867125
910	0.9999285534	0.001389867125
911	0.9999285534	0.001389867125
912	0.9999285534	0.001389867125
913	0.9999285534	0.001389867125
914	0.9999285534	0.001389867125
915	0.9999285534	0.001389867125
916	0.9999285534	0.001389867125
917	0.9999285534	0.001389867125
918	0.9999285534	0.001389867125
919	0.9999285534	0.001389867125
920	0.9999285534	0.001389867125
921	0.9999285534	0.001389867125
922	0.9999285534	0.001389867125
923	0.9999285534	0.001389867125
924	0.9999285534	0.001389867125
925	0.9999285534	0.001389867125
926	0.9999285534	0.001389867125
927	0.9999285534	0.001389867125
928	0.9999285534	0.001389867125
929	0.9999285534	0.001389867125
930	0.9999285534	0.001389867125
931	0.9999285534	0.001389867125
932	0.9999285534	0.001389867125
933	0.9999285534	0.001389867125
934	0.9999285534	0.001389867125
935	0.9999285534	0.001389867125
936	0.9999285534	0.001389867125
937	0.9999285534	0.001389867125
938	0.9999285534	0.001389867125
939	0.9999285534	0.001389867125
940	0.9999285534	0.001389867125
941	0.9999285534	0.001389867125
942	0.9999285534	0.001389867125
943	0.9999285534	0.001389867125
944	0.9999285534	0.001389867125
945	0.9999285534	0.001389867125
946	0.9999285534	0.001389867125
947	0.9999285534	0.001389867125
948	0.9999285534	0.001389867125
949	0.9999285534	0.001389867125
950	0.9999285534	0.001389867125
951	0.9999285534	0.001389867125
952	0.9999285534	0.001389867125
953	0.9999285534	0.001389867125
954	0.9999285534	0.001389867125
955	0.9999285534	0.001389867125
956	0.9999285534	0.001389867125
957	0.9999285534	0.001389867125
958	0.9999285534	0.001389867125
959	0.9999285534	0.001389867125
960	0.9999285534	0.001389867125
961	0.9999285534	0.001389867125
962	0.9999285534	0.001389867125
963	0.9999285534	0.001389867125
964	0.9999285534	0.001389867125
965	0.9999285534	0.001389867125
966	0.9999285534	0.001389867125
967	0.9999285534	0.001389867125
968	0.9999285534	0.001389867125
969	0.9999285534	0.001389867125
970	0.9999285534	0.001389867125
971	0.9999285534	0.001389867125
972	0.9999285534	0.001389867125
973	0.9999285534	0.001389867125
974	0.9999285534	0.001389867125
975	0.9999285534	0.001389867125
976	0.9999285534	0.001389867125
977	0.9999285534	0.001389867125
978	0.9999285534	0.001389867125
979	0.9999285534	0.001389867125
980	0.9999285534	0.001389867125
981	0.9999285534	0.001389867125
982	0.9999285534	0.001389867125
983	0.9999285534	0.001389867125
984	0.9999285534	0.001389867125
985	0.9999285534	0.001389867125
986	0.9999285534	0.001389867125
987	0.9999285534	0.001389867125
988	0.9999285534	0.001389867125
989	0.9999285534	0.001389867125
990	0.9999285534	0.001389867125
991	0.9999285534	0.001389867125
992	0.9999285534	0.001389867125
993	0.9999285534	0.001389867125
994	0.9999285534	0.001389867125
995	0.9999285534	0.001389867125
996	0.9999285534	0.001389867125
997	0.9999285534	0.001389867125
998	0.9999285534	0.001389867125
999	0.9999285534	0.001389867125
